idx,smiles,homolumogap
31946,CC(N)CC(C)(C)O,15.98874
39415,CC(C)C(C)C(C)N,16.14248
40867,COC(C)CN(C)C,15.35961
3275,CC(CO)C(N)CN,15.8886
37019,CCC,19.12727
18926,CC(N)C(C)CO,16.19881
38344,CCC(O)C(N)CN,15.40832
38477,CCOC(C)CCN,16.51636
19665,CCCCC(C)N,16.22656
13096,CC(O)C(C)CO,17.02086
8308,CCC(C)C(O)CN,16.68344
26469,NCC(O)C(N)CO,16.27962
37623,CNC(CN)CCN,15.83826
27660,CCCCC(C)OC,17.20181
9111,CCCC(C)OC,17.21025
6150,CCOCC(C)(C)C,17.15691
10489,COC(C)C(C)(C)N,15.98221
16048,CCC(O)COC,17.41542
45724,CCC(CN)OC,16.24425
36867,CC(CN)C(O)CO,16.072
39276,CNCCCO,15.75227
9985,CC(O)C(C)CN,16.30248
28790,COCC(C)(C)CO,16.94657
7348,CCC(C)(O)C(C)N,15.74982
28832,CCOC(C)(C)C,16.96371
43857,CCC(O)CO,17.12671
33746,NCCCC(O)CO,16.33704
16125,COC(C)(CN)OC,16.48833
6133,CCOC,17.73841
46183,CCCCO,17.68562
23645,CCC(C)(N)C(C)C,15.94384
1998,CC(C)NC(C)(C)C,15.16124
45128,CNCCOCCO,16.1901
46468,CC(CN)C(C)CO,16.33813
23357,CCC(COC)OC,17.15365
847,CNCC(CN)NC,15.55254
13449,CCOCOC(C)C,17.64998
33114,CCCNC(C)C,15.92615
11031,CCCC(C)CCO,17.57868
16540,COCC(C)C(C)N,16.34493
34135,CC(C)(N)C(O)CO,16.40534
12219,COCC(CN)CN,15.86357
39977,CC(C)C(N)CO,16.12724
21088,CCC(CCO)OC,16.84589
20760,CC(O)(CN)CCN,15.90112
1745,CCC(CNC)NC,15.16179
11339,CCC(O)CCO,17.00371
18298,CCCNC,16.09214
2524,CNCCOCCN,16.1901
33983,CCC(C)C(C)(C)C,17.38712
4630,CC(C)(O)C(N)CO,15.91064
34914,CC(N)COCCN,16.21486
9890,CCNCC(C)N,15.68969
5639,COC(C)C(N)CN,15.90384
7665,CCC(O)CC(C)O,17.18031
4186,CN(C)CCCO,15.61132
18377,CC(C)NCCCO,15.88669
41462,COC(C)OC,17.58304
1870,NCCCCN,16.59038
37429,CC(O)C(C)(C)N,16.00778
22372,CC(CO)NCCO,16.02302
1967,CC(C)(C)C(C)(C)N,15.63581
24386,CC(C)OC(C)CO,17.12426
28128,CN(C)C(C)(C)C,15.05703
40196,CC(O)C(C)(O)CN,16.23119
45381,CCOCOC,18.19284
41393,COC(C)CC(C)N,16.16126
29516,CCCCC(C)(C)N,15.9637
22174,CCC(N)C(C)CN,16.13105
28548,CCCCOC(C)C,17.24344
21159,CNCC(C)CCN,15.98928
5580,CCC(C)(N)C(C)N,15.64125
4028,CCC(C)(CN)OC,16.22819
21510,CC(C)C(O)CCN,16.23527
11937,CC(C)(O)CO,17.04507
39245,CCC(C)(O)CC,16.96997
23306,COCC(N)CO,16.10711
14669,CCNCCCNC,15.89567
20843,CCC(CC)C(C)C,17.47474
3981,CCC(NC)C(C)O,15.55009
16497,CC(C)(O)C(C)(C)O,16.68915
27635,NCC(CO)CCO,16.07418
22368,CCCC(C)(N)CC,15.93105
3059,CC(N)C(C)CN,16.20234
10702,CCC(CN)C(C)O,16.15935
40322,CN(CCN)CCO,15.82928
13792,CNCCO,16.07391
40454,CCC(N)CCNC,15.74411
39610,CNCCC(C)NC,15.83064
29875,CC(O)C(C)O,17.04725
5567,CC(C)OC(C)(C)C,16.57078
38708,CCCOCCN,16.51745
12496,CCC(C)COC,17.49052
10995,CC(O)CC(N)CO,15.98683
6319,CCCCOCCO,17.69841
24927,CCC(C)(N)C(C)O,15.82928
26463,CNCCC(C)CN,15.87064
44053,CC(C)COC(C)C,17.15691
15432,COCOCCCN,16.62602
44045,CCCCC(C)CN,16.46194
3703,CCCC(C)(O)CN,16.10003
25152,COC(C)CCO,17.19854
26430,CC(N)C(N)CCO,15.79799
35401,CC(C)C(C)CCN,16.21051
38385,CCCC(CC)OC,17.05324
1586,CC(C)(N)C(C)(C)N,15.50655
16793,CCOC(CC)CN,16.37051
40804,CC(C)(O)CCO,16.83065
31436,CC(N)CCN(C)C,15.28941
8766,CNCC(N)C(C)O,15.64914
34205,CCN(C)CC(C)O,15.53322
29832,CCC(C)C(C)CN,16.11146
46245,CC(N)C(C)(C)N,15.65268
12260,CNCCNCCN,15.65703
12481,CC(C)C(CO)CO,16.52398
1791,CCOCC(C)O,17.69079
46430,CC(C)C(N)CCN,15.76152
11174,CCN(C)CCCN,15.49295
19590,CC(C)CC(N)CN,15.61023
8733,CC(N)CCCCN,16.18003
29476,CN(CCN)CCN,15.46111
7719,CNCC(C)C(C)C,15.87908
5026,CC(CN)C(N)CN,15.94003
26198,COCCCCO,17.60127
30739,CC(O)C(C)(N)CO,16.04098
24190,CCC(C)(C)C(C)C,17.31419
36688,CCC(O)C(C)(C)C,16.8799
7667,COCOCC(C)C,17.77297
36021,CCCCCCO,17.51719
17064,CCOCCC(C)C,17.27038
16569,CCC(N)COC,16.0886
27415,COCC(C)OC,17.54712
32169,CCN(C)C(C)C,15.40778
7344,CCOC(CN)CN,15.91853
35935,CCC(O)CC,17.28834
28368,CCNCC(N)CC,15.89241
31810,CNCC(C)(O)CN,16.0184
26261,CCCC(C)(N)CO,15.80506
36254,CCC(C)(C)C(C)N,16.01323
11249,CNCC(O)CCO,15.62928
8175,CCCC(C)NCC,15.75771
14569,CC(O)CCO,17.12997
24766,CC(C)C(CN)CN,16.17432
5851,CNCC(O)CN,16.27282
15549,CCC(C)C(C)OC,17.07854
35928,CCCNC(C)CC,15.9052
20949,CCC(CN)C(C)C,15.97704
46658,CCCC(C)(C)O,17.13732
24893,CNCCCOC,16.09268
3587,CCC(O)CCCN,16.49486
36647,CCNCCC(C)C,15.88942
1104,CC(C)NCCO,15.61839
9164,NCCC(CN)CO,15.88806
33407,CC(C)N(C)CCO,14.88587
11835,CCN(CC)CCN,15.18111
33272,COCCNC(C)C,15.59472
38853,CCOCCOC,17.78794
22180,CCNCC(O)CC,16.21051
32365,CCOCC(N)CO,16.61867
15999,CNC(CO)CO,15.20941
3324,CC(CN)CN,16.14194
23499,CCCC(C)(C)OC,16.92072
7009,CCC(O)(CC)CC,16.85623
9027,CC(CO)CN(C)C,15.4203
22951,CCC(CO)C(C)N,16.32942
44535,CC(O)CC(N)CN,15.62302
16506,COCC(C)(C)C,17.22004
23581,COC(C)C(C)CO,17.17161
18943,CCC(O)CNC,16.34194
14715,CCCC(N)CC,16.13649
16191,COC(C)CCN,16.5082
33342,CCCC(CC)CO,17.09977
27673,CCOCCCN,16.6184
19719,CCC(CN)N(C)C,15.32914
424,OCCCCCCO,17.55229
26391,CCC(C)(C)CCO,17.00018
14503,NCCC(N)CO,16.01323
36992,NCC(CN)CCO,15.95989
2000,CCC(O)C(C)OC,16.88099
25719,CC(C)O,17.63338
17109,CNCC(CO)OC,16.14248
37094,CCNCCCOC,16.03255
11782,CC(CN)C(C)(C)C,16.18765
32509,CC(CN)CCCO,16.43963
25175,COCC(O)CN,16.80289
27575,CCC(O)C(C)CO,16.90031
10292,CC(C)(CN)CO,16.13813
39449,CCNC(CN)CO,15.91772
24837,CCOCCCNC,16.14194
12356,CC(O)C(C)CCN,16.2486
28218,NCCCO,16.43146
43426,CCCOCCNC,15.71064
12978,CCCN(C)CC,15.57458
22167,CNCCCCO,16.0437
43092,CCCNCCNC,16.02003
26249,CCOCOCC,18.06713
39381,CCCC(C)NC,15.91037
31146,CCC(C)C(C)NC,15.72833
36495,CNCC(C)C,15.88806
35861,CCCCC(O)CO,17.06276
35097,CCCCN(C)CC,15.55962
24203,CC(CO)C(N)CO,16.22629
35020,CCNCCNCC,15.72424
13482,CC(C)CCCO,17.49977
35247,CCC(C)(O)C(C)C,17.0048
20166,CNCCCCCO,15.91935
20588,CCOC(C)C(C)C,17.0497
3211,CNCCCCNC,16.02411
29923,CNC(C)(C)C,15.43363
35282,CCC(C)(CN)CN,15.66601
13636,CC(N)CC(O)CO,16.31364
4678,CCCC(C)CC,17.82386
34992,CCC(C)(N)CNC,15.50247
32982,CN(C)C(C)(C)CN,14.97675
20897,CC(N)CNCCN,15.92261
26882,CNCC(CN)CN,15.50601
43168,CCOCC(C)CN,16.42956
23299,CC(C)(O)CCN,16.07391
17779,CCN(C)CCCO,15.48587
34237,CCCCCNCC,15.98955
32488,CCCCC(C)(C)O,17.08045
2710,CNCC(OC)OC,16.14003
36727,CC(C)CC(C)(C)N,15.8135
4961,CN(C)CCCN,15.47009
21972,CCNCCOC,15.99799
25811,CNCCOC(C)C,16.15364
35786,CC(C)(CO)CCN,16.20153
2164,CNC(C)C(C)CN,15.12914
5101,CNCC(C)COC,15.9003
21306,COCCC(C)C,17.31365
23716,CC(C)C(C)(N)CN,15.71336
44231,CC(C)(C)C(O)CO,17.038
4981,CC(C)C,18.5572
16510,CC(C)CNC(C)C,15.7686
32869,CCN(C)CCO,15.44615
8469,CCC(C)(C)CO,16.91718
38328,CCC(C)(CO)CO,16.43228
25396,CC(C)(O)CCCO,16.98058
38795,CCCCNCCN,15.86601
46585,CNCC(O)CNC,15.65241
40360,CCC(CCO)NC,15.49567
10567,CC(O)CC(O)CN,16.65759
13896,COC(C)(CN)CO,16.08017
1551,CCC(C)(O)CCO,16.69677
21592,CCC(CC)OC,17.03936
28333,COC(C)CCCN,16.36235
35299,CC(C)NC(C)CN,15.58247
4875,CCC(N)(CC)CC,15.8203
41064,CC(N)C(C)CCN,16.1316
2952,CNCC(C)N,15.68125
23990,CCCN(C)C(C)C,15.32832
6733,CCNC(CN)CN,15.70084
25594,CCNCC(N)CO,15.87744
6493,CCC(N)(CN)CO,15.85948
40817,CCOCCCCN,16.64453
9263,CCC(N)C(C)NC,15.58111
28845,CCCC(C)(C)NC,15.46683
41955,CCCC(N)CNC,15.87037
30037,CC(C)C(O)CO,17.05079
14114,NC(CO)CCCO,16.07908
17033,CC(C)(C)C,18.03692
23182,CCCOC(C)CC,17.23011
41906,CCCCN(C)C,15.57921
24586,CCC(CO)C(C)C,16.79011
39256,CC(C)CN,16.46983
34587,CCC(N)C(O)CC,15.98411
1364,CCCC(C)OCC,17.0682
1087,CC(CN)NCCN,15.7803
9101,CCC(N)C(N)CC,15.54302
21731,CCN(C)CC(C)N,15.41757
4885,CCCC,18.74087
40603,CCC(C)(C)C(C)O,16.89106
23023,CCNC(C)CC,15.91527
243,CCNC(CO)CO,16.13486
27806,CCCCCN(C)C,15.56315
23486,CCC(O)C(O)CC,16.83283
42714,NCCCCCO,16.54003
14198,CNC(C)CC(C)C,15.68152
32164,CC(C)CC(C)(C)O,16.70276
41410,CC(C)(O)CCCN,15.93894
16738,COCC(C)(C)CN,16.18765
34061,CNCCC(C)C,15.91227
45751,COCC(C)(N)CN,16.06792
3674,CNCC(C)(C)C,15.65567
37306,COC(C)CC(C)C,17.05487
18919,CNC(C)(C)COC,15.3441
17495,COC(C)OCCN,16.69078
31266,COCCC(C)O,17.18412
11049,CC(N)C(C)(C)CN,16.03282
13683,CC(C)C(C)(N)CO,15.80914
11108,CNCC(O)C(C)C,15.59009
8555,COC(C)(C)C(C)C,16.79174
12172,CCC(C)(CC)OC,16.81868
20378,CCCC(C)CNC,16.01704
26388,COCCOC,17.89161
13844,CCCCCCCN,16.53568
2402,CNC(C)CC(C)N,15.62111
2426,CCC(CO)NC,15.30111
12531,CCCCOCC,17.58032
7824,CC(O)CC(C)CN,16.32833
429,CCCC(C)CCN,16.56969
18915,CCOCCOCC,17.61406
29968,CNC(C)(C)C(C)O,15.63662
11355,CCN(C)C(C)CN,15.25023
38262,CC(N)C(O)CCO,16.45595
29124,CCC(N)C(C)OC,16.15445
41402,CCCC(C)N(C)C,15.43036
43864,CCOC(C)C(C)O,17.321
39932,CN(C)C(CN)CN,15.17648
35234,CCOC(C)(C)CO,17.24698
12369,CNC(C)(C)CO,15.58002
26625,CC(CN)(CN)CO,15.83799
16909,CC(CN)CN(C)C,15.42764
43250,CCC(C)(O)COC,16.99909
22252,CCCC(CC)CC,17.45243
34326,CCCCC(O)CC,17.13188
10482,NCCO,16.7697
39271,CCNC(C)(C)CO,15.73785
8923,CCC(O)C(C)CN,16.22547
39390,CNC(C)C(O)CO,15.82003
111,CCCC(CN)NC,15.27716
303,CCC(C)CCCO,17.5259
11947,CN(C)CC(O)CO,15.87418
39587,CC(C)NC(C)C,15.57023
19690,CNC(C)C(N)CN,15.40234
17969,CC(C)(CO)CCO,17.00235
7968,CCCCC(N)CN,15.83799
19461,CC(C)(N)CO,16.29731
1018,CCC(C)(C)CN,16.08642
45177,CN(C)C(CN)CO,15.37268
30838,CCOCC(O)CC,17.55039
18105,CC(C)(N)C(N)CO,15.672
38676,CCCC(C)COC,17.50494
17207,CCOCC(C)NC,15.65594
23144,CCCC(C)C(C)N,16.32643
28024,CC(C)C(O)CN,16.02302
27918,CCC(C)(C)O,17.14385
40548,CC(C)(CN)CN,15.77785
23756,CC(C)C(C)C(C)C,17.42168
9679,CNC(CO)C(C)O,15.72152
11069,CCCOCOCC,17.91202
928,CNC(C)C(N)CO,15.64288
12802,CCC(C)(CO)OC,16.94521
35889,CC(O)CCN,16.26493
1706,CC(C)CCN(C)C,15.25295
12160,COC(CN)OC,16.60453
3925,CCCC(C)(C)CN,16.11636
1902,CNCCCCOC,15.58656
32403,CN(C)CC(C)(C)C,15.02737
7923,NCC(CN)CO,16.45677
4425,CC(C)(C)NCCO,15.54819
32083,CCNCC(C)CC,15.83091
15107,COC(C)(C)CCN,16.21894
22858,CCC(CC)CC,17.61161
2625,CCCNCCOC,16.18357
43066,CCNC(C)C,15.92289
28755,CCCC(C)(N)CN,15.73268
24184,CNCC(C)(N)CO,15.76424
15762,CCC(N)(CO)CO,16.17976
41803,CC(C)(N)CCCN,16.04017
30388,CC(O)CCCCO,17.08399
42374,CCCCCC(C)N,16.2203
21988,CC(N)CC(N)CO,15.68724
16004,CCOCC(C)(C)O,17.4576
39184,CCCOC(C)OC,17.4195
39567,COC(C)CN,16.60235
35876,COC(CO)C(C)N,16.21459
12130,CCCC(N)CCN,16.30547
27772,CCCOCCC,17.47447
32194,CNCCNC(C)C,15.89186
34696,CC(C)C(C)N(C)C,15.33485
30858,CCC(C)(O)CN,15.85486
37448,CC(N)(CN)CCO,15.80996
21429,CCC(CC)NC,15.80561
2001,CCC(N)C(N)CN,15.34601
27594,CC(CO)N(C)C,15.04424
3530,CCCC(O)COC,17.38385
33633,CC(C)(C)C(O)CN,16.6848
14653,CCCO,17.79284
13427,CCN(C)CCNC,15.25023
36208,COCCCCN,16.59092
10785,CNCC(CO)NC,15.93105
17183,CC(O)CN(C)C,15.82574
13696,CCCCCCCC,17.80699
21492,CC(C)C(C)(O)CO,16.76643
27664,CCC(O)CN,16.73133
18060,CCC(C)C(C)CO,17.27991
39268,CC(N)CCC(C)O,16.24534
6715,CC(N)C(CN)CO,15.7256
24813,CCCCOC,17.65324
42964,CCC(CNC)OC,15.40125
4064,CCNCC(C)CN,15.85785
14169,NCC(O)(CN)CO,15.90411
9023,COC(C)CO,17.51555
27092,CC(C)C(N)C(C)N,15.50683
24279,CCC(C)(O)CNC,15.35009
23281,CCC(N)C(C)CO,16.11037
35895,CCOCCNC,16.20779
19029,CCC(C)C(O)CO,17.01868
9915,CC(C)CCCCO,17.42168
39516,CNC(C)(C)C(C)N,15.38166
24979,CCCCCCN,16.54874
12897,CC(CO)CO,17.1531
29199,COCOC(C)(C)C,16.89487
21571,CCC(C)OC,17.17759
17240,CCOC(CC)CC,17.0029
6723,CC(C)CCN,16.48262
4953,CC(C)CCC(C)N,16.33432
45291,CCC(CN)CCN,15.99363
41793,CC(C)(N)CCCO,16.04343
39846,CCC(C)(CO)NC,15.23662
3024,CNCC(C)N(C)C,15.56778
18662,COCC(N)CCN,16.48752
30635,CCNCC(C)O,15.61295
34643,CC(C)C(O)C(C)O,16.89242
1076,CC(CN)OCCN,16.54466
16932,COCCNCCN,15.90057
5910,CC(CCO)N(C)C,15.30927
9298,COCC(C)(O)CN,16.20833
11807,COCCC(C)CO,17.35229
13210,CC(C)(N)C(N)CN,15.30193
12594,CCCCCCNC,15.99282
10988,CCC(CC)CO,17.15038
39221,CN(C)C,15.53866
33862,CCC(CO)CCO,16.71283
17673,CCCCCO,17.59664
40175,CC(CN)OCCO,16.59092
41672,COCCC(N)CO,16.38874
23451,CCCC(CN)OC,16.40507
26190,NC(CO)CCO,16.23717
31668,CCOCC(C)N,16.4048
31063,CNCC(O)COC,15.632
26316,CCCCCNC,16.02057
2387,CC(N)CO,16.54711
24595,CCC(C)C(N)CO,16.18901
44925,NCCC(CN)CN,15.59934
22588,COC(CO)CCN,16.34711
41784,CCC(CN)CNC,15.43798
45680,CCC(C)CC(C)N,16.24751
11464,CCC(CC)COC,17.20371
9589,CCC(C)C(C)(C)O,16.90766
37096,CC(O)C(N)CCO,15.71254
36207,CCNCC(C)(C)C,15.65105
11988,CCC(CN)NC,15.28097
45610,CNC,16.09813
8397,CCC(C)C(N)CN,15.80424
15042,CCC(O)C(C)C,17.22358
8894,CCCOCCOC,17.62304
33849,CC(CO)OCCN,16.62031
46479,CNC(CO)C(C)N,15.47907
31958,CC(N)C(C)(O)CO,16.17486
11761,COC(C)CC(C)O,16.93432
42879,CCOCCC(C)N,16.26466
19310,CCC(CO)CNC,15.43118
29877,CCC(N)C(C)(C)O,16.19554
36394,CCC(C)NCCN,15.66438
44164,CC(N)CC(C)O,16.04452
9380,CCN,16.58058
41648,CN(C)CC(N)CO,15.49213
23290,COCCCN(C)C,15.60696
2525,CCOCCCCO,17.53705
3562,CCNC(C)CNC,15.71037
21361,CNCC(C)C(C)N,15.80452
1152,CC(N)C(O)CCN,15.91799
45379,CC(C)CC(C)O,17.25052
22854,CNC(CO)CCO,15.86112
17576,CCC(COC)NC,15.69404
17344,CNCCCCCN,15.96425
9793,NCCOCCCO,16.67337
7512,CNCC(O)C(C)O,15.50002
22490,CCC(O)C(C)(C)O,16.68861
46073,CC(N)CC(C)N,16.16697
23073,CNCCC(C)(C)N,15.61866
14044,CNCC(C)CNC,15.89214
26191,CCCC(C)C(C)O,17.28834
2886,CC(C)OCCCN,16.52344
3253,CCC(C)(O)CCN,15.90302
21075,CNC(CN)C(C)C,15.66438
3065,CNCCC(C)(C)O,15.88016
17819,CCC(OC)OC,17.92209
44062,COCCCOC,17.47936
23799,COCC(N)C(C)C,16.38031
31223,CC(CN)CCCN,16.44344
28188,CC(N)COCCO,16.19826
17152,CC(C)C(N)CN,15.78193
21619,CNCCC(C)OC,15.71526
21538,CC(O)C(C)(C)CN,16.21894
24557,COCOC(C)C,17.70032
13394,CCOCCN(C)C,15.68043
7290,CNCC(C)(C)O,16.11364
18283,CCCNCCCN,15.98221
29078,CC(N)C(C)(C)O,15.84316
253,CCC(C)OCOC,17.43828
11945,CCCC(N)C(C)N,15.75554
15754,CCOCC,17.66222
40387,CCC(C)C(C)CC,17.53406
35908,CNCC(N)C(C)C,15.71009
3818,CCC(C)(N)CN,15.69241
3590,CCNCC(N)CN,15.49785
27184,CCC(C)(C)CCN,16.17323
42313,CNC(C)CCOC,15.74792
32257,CCOC(C)CNC,15.55173
35436,COCC(N)CN,16.13949
12090,CC(CO)CCN,16.51174
23713,CC(C)CNCCN,15.71907
23547,CN(C)C(CO)CO,15.6788
2160,CNC(CN)C(C)O,15.42465
10790,CC(N)C(N)CCN,15.61622
28522,NCC(N)CCCO,16.14955
10051,CCC(N)C(C)N,15.73268
25364,CC(N)CCC(C)N,16.12343
8935,CC(O)C(C)C(C)O,17.04589
8462,CC(O)C(N)CCN,15.52125
5147,CCCC(O)CO,17.08344
43240,CCCOCC(C)N,16.34221
14429,COCCC(C)CN,16.41214
4369,CCC(C)CNC,16.00996
33463,CCC(N)CNC,15.82003
9394,CCCC(O)CNC,16.03309
45152,CC(CN)(CN)CN,15.83282
403,CNC(C)CCCN,15.9335
17625,CC(C)(C)CO,17.03365
34228,CCCC(C)(C)CC,17.38304
15046,CNCCC(C)(C)C,15.62547
40584,COCC(N)CCO,16.34928
18052,CNC(C)CN,15.79118
39617,CC(N)CNCCO,15.53921
5127,CNCCCCN,16.00615
19855,CCC(OC)C(C)N,16.2886
42707,CCC(C)CN,16.45296
6484,CCCCC(N)CC,16.1267
45180,CCNC(C)CCN,15.82057
40794,CC(N)C(C)(N)CO,15.73867
31205,CCCC(CN)CN,15.65377
46584,CCCC(C)N,16.23173
353,CNC(C)C(C)O,15.31662
21709,COCCC(C)(C)O,16.97705
32712,CC(O)CNCCO,15.7403
13663,CCCCCCC,17.96127
12380,COC(CCN)OC,16.53595
27481,CCNCCCO,16.02193
32207,CC(O)CN,16.73296
9762,CNC(C)(C)CCN,15.34138
34752,CNCCOCOC,16.1433
33007,CCCC(C)(C)C,17.59909
23446,CNCCC(N)CN,15.66982
45462,CCNCC(C)(C)N,15.7003
20928,CC(O)C(N)C(C)O,15.90302
40994,CCC(C)(CC)CC,17.33569
41044,CC(C)C(C)C(C)O,17.0799
34087,CCN(C)CC,15.57213
44220,COCC(C)C(C)O,17.33977
17235,CC(C)OC(C)CN,16.46248
21267,CCC(O)C(N)CO,16.18683
37100,CC(N)C(C)O,16.55718
8598,CCC(C)CC(C)O,17.26821
40273,CC,19.88864
7921,CNCC(O)CCN,15.55662
2994,CCOC(C)OC,17.5112
5299,CN(C)CCN(C)C,15.49975
36669,CC(N)C(C)N,15.84343
27056,COCCC(C)(C)N,16.0867
41226,CNC(CO)COC,16.42303
4833,CC(CCN)N(C)C,15.31199
30216,CCC(N)CC(C)N,16.11364
15968,CNCC(N)CCO,15.62819
39442,CCOCCCOC,17.42358
20185,CCNCCN,15.87499
34285,NCCCC(O)CN,16.1803
20114,COCC(C)CCN,16.60997
25912,CC(N)(CO)CCO,16.12887
13268,NCCCCCN,16.47854
14960,CNC(C)C(C)OC,15.78166
57,CC(C)NC(C)CO,15.73186
13775,CC(N)C(N)CO,16.19799
43872,CCC(C)(N)CCN,16.00942
18785,CCC(C)(C)C,17.70168
30035,CCC(OC)C(C)C,16.88153
29009,CCC(OC)C(C)O,16.95609
6217,CNCCCC(C)O,15.8886
17633,CCOC(C)C,17.29406
4598,NCCCC(N)CN,15.87336
24694,CC(N)COC(C)C,16.21377
21206,CC(N)CCCCO,16.22738
3338,CC(N)CCO,16.2203
45340,CCC(C)(CC)NC,15.45132
6680,CCCC(OC)OC,17.85597
45408,CC(CN)C(C)(C)N,15.95309
38800,COC(CN)CCN,16.16234
9434,CC(C)OCCO,17.45487
2519,COC(C)C,17.33297
4783,CC(N)C(C)C(C)O,16.1618
11373,CCOC(C)(C)OC,17.03419
30531,CCNC(C)C(C)C,15.70438
12319,COC(CN)CCO,16.20289
39310,CC(N)CCCO,16.22275
19740,CCC(O)CC(C)N,16.31527
25480,COCC(O)CCN,16.64262
45040,CCCCC(C)O,17.30031
19709,CCNCC(C)C,15.88316
12886,CNC(CO)CCN,16.02438
37198,CC(CO)C(C)CO,16.98984
5874,CNC(C)(CO)CO,15.87037
1064,NCCC(O)CCO,16.33432
20639,CCNCCOCC,16.13704
7150,CNCCC(C)CO,15.80914
30152,CC(CO)NCCN,15.87635
6140,CC(C)C(N)C(C)O,16.08071
27119,CCC(N)(CC)CO,16.15527
6270,CCCC(C)CN,16.46983
20709,NCC(N)C(O)CO,16.04751
35720,CCC(CC)CNC,15.82901
45490,NCCCOCCN,16.45622
19601,CCCC(CO)NC,16.09078
2655,CCNC(C)C(C)O,15.60152
37950,COC(CO)C(C)C,16.91909
23403,CCC(NC)C(C)N,15.39472
8881,CCN(C)CC(C)C,15.45132
7963,NCCCCCCO,16.47092
36838,CCC(C)(O)CO,16.91419
4803,CCCN,16.61514
28015,CC(C)C(O)C(C)N,16.4769
37437,CC(C)(CN)CCO,16.20643
6749,NCCC(N)CCO,15.98465
1451,CCC(C)(N)COC,16.27064
4009,CC(CN)C(C)CN,16.20425
40049,CC(O)CNC(C)C,15.8652
22870,CCCCCN,16.57133
29885,CNCCC(C)O,15.58492
38802,CNCCNC,16.0886
45055,CNC(C)C,15.87391
19047,CCCOCOC,18.01325
18393,CC(O)CCCN,16.21214
919,CCCCCOC,17.62141
43102,CC(N)CC(O)CN,16.04071
26134,CC(O)(CN)CN,15.8984
28956,CCC(CC)CN,16.22738
40842,CC(O)C(CN)CO,15.92561
14088,CC(C)CC(C)(C)C,17.24997
32536,CCCC(O)CCO,16.94875
41743,NCCC(CO)CO,15.92642
14808,CC(O)C(O)CN,16.1569
17792,CC(N)C(O)C(C)O,15.97486
9969,CNC(C)(C)C(C)C,15.42465
29370,CNCC(C)(C)NC,15.29784
37869,COCC(C)(C)OC,17.00671
17306,CCCNC(C)CO,15.98901
15440,CCOC(CN)CO,16.14901
42049,CNC(C)C(C)CO,15.93731
6414,CCCN(C)CCO,15.76397
770,CCC(CC)CCO,17.35909
27405,CC(CN)(CO)CO,16.04506
31759,CCC(CO)CO,16.50276
23642,NCCCNCCO,16.09894
2108,CCNC(C)CCO,15.76588
10456,CC(C)C(O)C(C)C,16.9082
43585,OCCCNCCO,15.92234
10723,COC(CN)C(C)N,16.09051
36850,CCCCN,16.5882
14129,CCCC(N)COC,16.3618
34618,CCOC(CC)OC,17.31419
31907,COCCC(C)N,16.23853
33752,COCC(CN)CO,16.29269
29906,COC(C)C(C)OC,16.92997
21833,CCCCOCCN,16.58847
34384,COCCOCCN,16.76017
35242,COCC(C)(N)CO,15.76397
17818,COC(C)C(C)(C)C,16.8546
15248,CCC(C)NCCO,15.83091
35308,CC(C)(C)CCCO,17.16616
37293,CCNC(C)COC,16.1169
14494,CCNCCC(C)N,15.48996
16056,CC(O)CCCCN,16.26275
2666,CN(C)CCO,15.82792
43401,CCC(O)CC(C)C,17.20018
33773,CCC(C)(C)N,15.97377
19771,CCC(C)(CN)CO,16.04234
34117,OCCCCO,17.72835
24276,CNCC(C)CCO,15.96098
4207,CC(N)C(CO)CO,16.34139
16208,CCCCC(C)CO,17.32344
23787,CC(O)CCN(C)C,15.32587
23888,CNCC(C)(C)CO,15.64071
3326,NCC(O)C(O)CN,16.54711
44664,CCC(N)C(C)(C)C,15.94438
19733,NCCCCCCN,16.50112
40407,COCC(N)C(C)N,15.99173
34419,CCNCC(C)CO,16.13949
34390,CNC(C)CO,15.9871
425,CCC(C)CC,17.97651
15449,CCOCC(C)C,17.42113
29066,CC(N)(CO)CO,15.79254
22258,CCOC(C)CC,17.2595
1512,COC(C)(C)CCO,16.89051
6128,CC(C)(O)CN,15.95527
16204,CC(C)(C)C(C)(C)O,16.74956
23160,CNC(C)COC,15.79907
10117,CC(C)(O)C(N)CN,15.50438
31341,CCCCCCCO,17.45841
16581,CC(N)(CO)CCN,15.99772
26935,CC(CO)C(O)CN,16.65704
21722,CC(C)N(C)CCN,14.91444
43403,CCCOC(C)C,17.27147
26363,CCCC(N)C(C)O,16.36833
26884,CCC(CC)C(C)O,17.11065
40700,CNCC(C)CO,15.9637
45706,CC(C)(C)CCN,16.19826
41985,CC(C)(C)C(C)(C)C,17.20834
34420,CNCCOC,16.19228
9725,CCNC(C)CN,15.80452
12677,CNCC(C)(C)CN,15.62764
664,CCNC(C)CO,15.48723
38416,CC(C)(N)C(C)(C)O,16.00289
12280,CCNC(CC)CC,15.67826
24056,CCCC(O)C(C)N,16.55881
40677,NCCCNCCN,15.8818
30580,CCC(C)C(C)N,16.31418
8422,CCCC(C)(C)CO,16.89024
6539,COCCCC(C)C,17.35283
3665,CC(CN)C(C)(C)O,16.21622
20828,CCOCC(C)CO,17.36481
841,CCCOCC,17.54522
13661,CNC(C)C(O)CN,15.82329
37133,CCC(C)NC,15.87908
46590,COCCCC(C)O,17.34412
24102,COCC(C)(C)N,16.1433
39106,CCCCC(C)CC,17.69923
12909,NCCOCCO,16.53514
16997,CCCNCC(C)C,15.87391
30280,COC(CN)CN,16.24996
8110,CC(C)(C)O,17.21242
7473,CCC(CO)N(C)C,15.72288
35198,CNCC(C)(C)OC,15.72179
3560,CC(N)C(O)C(C)N,15.8437
42431,CC(O)COC(C)C,17.35528
2482,CC(C)(C)OCCO,17.078
34946,CNC(CN)CO,15.49839
10974,CCCCOCCC,17.42902
27214,CC(CCN)CCN,16.50793
3262,CC(C)CC(N)CO,16.10955
17107,CCCC(O)C(C)O,16.9912
38944,COC(C)C(C)CN,16.31255
5532,CC(N)CC(N)CN,15.37349
2673,CCCC(C)CO,17.37052
41925,CC(C)C(C)CN,16.33133
23210,CCOCC(N)CC,16.35962
17456,CC(C)COCCO,17.50902
27479,CC(O)CNCCN,15.59009
6924,COCCCC(C)N,16.38493
10355,CCCOC(C)CN,16.54983
8897,CC(N)C(C)(C)CO,15.92207
19468,CNCC(C)NC,15.83336
45255,CCOC(C)CCO,17.15582
22411,CC(C)CNCCO,15.872
4351,CNC(C)C(C)NC,15.52724
25081,COC(C)C(C)N,16.43391
41444,CCC(CN)CCO,16.03282
29715,CC(O)C(C)(C)C,16.94875
20358,CCCC(O)CCN,16.19364
24907,CC(CO)CCCN,16.41377
30439,CC(N)CCCN,16.16806
38946,CCCNCCN,15.87146
33373,COC(C)C(C)(C)O,16.92779
4604,CC(C)(C)OCCN,16.2233
4315,CCNCCCCO,15.97431
18684,COC(C)(C)CO,17.27011
29170,CC(CCO)CCO,17.43855
38505,CNC(C)(C)CN,15.50438
1968,CCC(C)(C)CNC,15.62955
23842,COCCN,16.74439
37477,CCCC(CC)NC,15.792
25633,CC(C)C(O)CCO,17.02004
35149,NCCNCCCO,15.41567
35787,CCCOCC(C)O,17.64943
3910,CCCOC(C)(C)C,16.96535
24947,CNCCCN,16.02874
14151,CC(C)C(C)CO,17.23011
10118,CC(C)(C)C(N)CN,15.43172
25606,CCOCC(C)OC,17.52372
1666,CCC(C)(N)CC,15.95064
13391,CCC(C)(OC)OC,17.54222
30617,NCCCCO,16.56616
7247,CCN(C)CCOC,15.66873
3766,CCC(C)CCN,16.56208
249,OCCCCCO,17.44317
24440,CN(C)CCCCN,15.43635
38428,CC(C)NCCCN,15.93459
1848,CNC(C)CCN,15.88751
9955,CN(C)CC(C)(C)N,14.92315
43735,CNCC(C)C(C)O,15.92479
17257,CCCNC(C)CN,15.7939
37561,CCC(O)CN(C)C,15.54247
31030,CCOCOCCN,16.68344
33062,CC(C)C(C)(C)N,15.8271
27045,CNCC(CN)OC,16.14112
11734,CC(N)C(C)N(C)C,15.21893
12948,NC(CO)C(N)CO,15.66901
34050,CC(C)(C)N,15.96887
12079,COC(C)(CN)CN,15.79118
5349,CC(C)(C)CCCN,16.22547
4518,COC(C)C(C)C,17.13678
40957,CCC(N)CCOC,16.19717
23137,CC(CO)C(C)(C)C,17.01732
27252,CCC(N)C(C)(C)N,15.60397
26084,CNC(C)CN(C)C,15.4924
1788,CCNCC,16.07744
28513,NCC(N)CCO,15.97812
31811,CC(C)CCO,17.51692
13456,CCC(O)(CC)CN,15.99227
44995,OCCNCCO,15.76397
5103,CCC(O)C(C)N,16.53133
18580,CC(O)C(N)CO,15.98139
25517,CC(C)CCCN,16.5131
15551,CCCC(N)CCO,16.0984
35031,CC(C)C(C)(C)O,16.91582
35440,CNC(C)C(C)C,15.75907
12189,CCCC(C)(O)CO,16.84262
781,CCCCNCCO,16.08506
26692,CCC(CO)CCN,15.89486
1221,CCC(N)CCN,16.27037
20141,CCOC(CN)OC,16.67636
41257,CNC(C)CC(C)O,15.50683
15939,CCCC(C)(O)CC,16.90439
32491,CC(C)(N)CCN,16.07255
21511,CCC(C)CCO,17.58277
29932,CCC(CCN)OC,16.37568
41176,CCOCCC(C)O,17.05024
39034,NCCCC(N)CO,15.98982
1359,CN(C)CC(C)(C)O,14.96424
6325,CC(C)C(N)CCO,16.00751
9182,CCC(N)CO,16.33486
32196,CC(O)C(CN)CN,15.68805
41788,CC(O)CC(C)(C)O,16.75936
37191,CCC(O)CCCO,17.20399
31069,CC(O)CC(C)(C)N,15.74248
46064,CCC(C)OCCN,16.40289
19555,CC(O)C(C)CCO,17.10276
5533,CCC(C)C,18.22305
25123,NCCC(O)CN,16.14438
26017,CCC(O)(CN)CN,15.9305
11000,COCOC(C)CN,16.73596
24676,CNC(C)(CN)CN,15.3773
43634,CCC(C)CCNC,16.00316
26780,CC(C)(N)CN,15.73159
37140,CCC(C)C(O)CC,17.14576
22936,CCNCCCN,15.99853
46707,NCCNCCO,15.80561
28904,CCCCNCCC,15.99636
31571,COCC(C)CO,17.40916
732,CCCC(N)CCC,16.28289
4615,CCCOC(C)CO,17.43555
12230,CCC(C)CCCN,16.56861
9654,CC(CO)CCO,17.18086
36676,CCC(N)CCCO,16.24915
45782,CNC(CN)C(C)N,15.50193
6983,NCC(CO)CO,16.52153
4253,CNCC(N)CCN,15.7705
45630,CC(N)C(O)CO,16.08425
34688,CCC(CC)CCN,16.39609
24051,CCOCC(C)CC,17.37025
6596,CCC(N)CCCN,16.2233
11418,CNC(C)C(C)(C)N,15.55553
19712,CCOC(C)(C)CC,16.91473
39474,NCC(O)CCO,16.7463
44466,CCC(C)C(C)(C)N,15.85731
38129,CNC(C)C(C)(C)O,15.63336
29438,CCC(O)CCN,16.30901
37041,CC(C)CC(O)CO,16.87038
20640,CCCC(C)(C)N,15.98357
14200,CCCC(O)CCC,17.32861
1610,CCOC(C)CO,17.47882
18900,NC(CCO)CCO,16.19527
5619,CC(O)CC(C)O,17.19419
40446,CC(O)CC(C)(C)C,16.8282
6208,COC(C)CCCO,17.26929
667,COCC(C)N,16.3384
20283,CCC(N)CC(C)C,16.14928
1720,COCC(C)C(C)C,17.36208
7001,CCC(CC)C(C)N,16.17568
21759,CNCC(O)C(C)N,15.36859
20611,COCOCCN,16.59119
37714,COCC(C)COC,17.41651
36570,COCCC(C)(C)C,17.02657
33147,CCN(C)CCN,15.58166
39371,COCC(O)C(C)N,16.37133
18928,CC(C)OCCCO,17.2146
43784,CNC(CN)CCO,15.57948
10955,CCCC(O)CC,17.19718
39691,CNCC(N)CNC,15.672
31802,NCC(N)(CO)CO,15.78547
36590,CC(O)C(C)(C)O,16.74684
8501,COC(C)C(C)O,17.33596
983,CCNCCNC,16.05159
10900,COC(CN)C(C)O,16.36316
44782,CCCN(C)C,15.58928
17168,CCC(C)(N)CO,15.92751
45481,CCCOCCCN,16.61595
14000,CCCC(CC)CN,16.22928
8626,CCCCNCC,16.01867
1356,CNCCC(C)N,15.62111
26209,CNCC(C)(C)N,15.70465
29672,CN(C)CC(O)CN,15.78601
45848,COC(OC)C(C)C,17.57351
14435,CCC(N)(CC)CN,15.70955
18472,CCOCC(O)CN,16.4769
35168,CNCC(CO)CO,15.62383
45849,CCC(O)(CC)CO,16.93106
26844,CCCNCC,16.05676
1146,CCCC(N)CO,16.11255
39142,CCCCC,18.42441
40214,CNCCCNC,15.91989
7158,CC(CO)C(C)(C)O,16.8867
42490,CC(C)CCC(C)O,17.24752
42988,COC(C)(C)C(C)O,17.08997
36935,CCC(C)CO,17.41759
19942,COCCC(C)OC,17.05786
36480,CCNC(C)(C)CN,15.52832
44987,CCCCCC(C)O,17.23555
45859,CCNCC(O)CN,15.51309
42347,CC(N)(CN)CO,15.55853
31889,CNCC(N)COC,15.64261
23201,CCC(N)C(N)CO,15.89459
5689,CCCC(O)CN,16.72398
26485,CCC(C)N(C)C,15.43499
43854,CCOCCO,17.89406
5803,COC(OC)C(C)N,16.51119
32590,COCCOC(C)C,17.40725
27491,CCCNC(C)(C)C,15.4807
39087,CCC(C)(O)C(C)O,16.7248
35040,CC(C)COCCN,16.44997
35479,CC(N)CNC(C)C,15.59281
36385,CCOC(CC)CO,17.12943
46690,CCOCCCO,17.46739
5474,CC(C)C(N)C(C)C,15.85894
45486,CC(C)CCCCN,16.48725
38860,CCN(CC)C(C)C,15.06845
20237,COC(C)C(O)CN,16.34493
4121,CC(C)(CO)CO,16.75664
8532,CCC(CO)OC,17.08807
38294,CC(O)COCCN,16.46357
34211,CNCC(C)O,16.03908
3801,CCC(C)(C)COC,17.20698
16498,COCCCCCO,17.42358
16272,CN(CCO)CCO,15.67989
24659,CC(CCN)CCO,16.49568
